PrefTaxon	12543267.A01S66	28475012.A02S69	Gblock.A03S96	NTC.A04S28	POS.A05S23
Achnanthes	0	0	0	0	0
Achnanthes abundans	0	0	0	0	0
Achnanthes altaica	0	0	0	0	0
Achnanthes amoena	0	0	0	0	0
Achnanthes austriaca var. helvetica	0	0	0	0	0
Achnanthes bahusiensis	0	0	0	0	0
Achnanthes bioretii	0	0	0	0	0
Achnanthes bremeyeri	0	0	0	0	0
Achnanthes brevipes	0	0	0	0	0
Achnanthes calcar	0	0	0	0	0
Achnanthes carissima	0	0	0	0	0
Achnanthes [cf. engelbrechtii]	0	0	0	0	0
Achnanthes chlidanos	0	2	0	0	0
Achnanthes clevei	0	0	0	0	0
Achnanthes coarctata	0	0	0	0	0
Achnanthes conspicua	0	0	0	0	0
Achnanthes curtissima	0	0	0	0	0
Achnanthes daonensis	0	0	0	0	0
Achnanthes daui	0	0	0	0	0
Achnanthes delicatula subsp. hauckiana	0	0	0	0	0
Achnanthes depressa	0	0	0	0	0
Achnanthes detha	0	0	0	0	0
Achnanthes didyma fo. didyma	0	0	0	0	0
Achnanthes exigua	0	0	0	0	0
Achnanthes exilis	0	0	0	0	0
Achnanthes flexella	0	0	0	0	0
Achnanthes flexella var. alpestris	0	0	0	0	0
Achnanthes frigida	0	0	0	0	0
Achnanthes grana	0	0	0	0	0
Achnanthes grischuna	0	0	0	0	0
Achnanthes haynaldii var. elliptico-lanceolata	0	0	0	0	0
Achnanthes helvetica	0	0	0	0	0
Achnanthes helvetica var. alpina	0	0	0	0	0
Achnanthes hintzii	0	0	0	0	0
Achnanthes holsatica	0	0	0	0	0
Achnanthes impexa	0	0	0	0	0
Achnanthes ingratiformis	0	0	0	0	0
Achnanthes joursacense	0	0	0	0	0
Achnanthes kolbei	0	0	0	0	0
Achnanthes kriegeri	0	0	0	0	0
Achnanthes kryophila	0	0	0	0	0
Achnanthes kuelbsii	0	0	0	0	0
Achnanthes laevis	0	0	0	0	0
Achnanthes lanceolata	0	0	0	0	0
Achnanthes lanceolata var. bimaculata	0	0	0	0	0
Achnanthes lanceolata var. dubia	0	0	0	0	0
Achnanthes lanceolata var. elliptica	0	0	0	0	0
Achnanthes lanceolata var. elliptico-lanceolata	0	0	0	0	0
Achnanthes lanceolata var. rostrata	0	0	0	0	0
Achnanthes lapidosa	0	0	0	0	0
Achnanthes lapponica	0	0	0	0	0
Achnanthes laterostrata	0	0	0	0	0
Achnanthes lauenbergiana	0	0	0	0	0
Achnanthes levanderi	0	0	0	0	0
Achnanthes linearis	0	0	0	0	0
Achnanthes linearis fo. curta	0	0	0	0	0
Achnanthes longipes	0	0	0	0	0
Achnanthes lutheri	0	0	0	0	0
Achnanthes marginulata	0	0	0	0	0
Achnanthes microcephala	0	0	0	0	0
Achnanthes minuscula	0	0	0	0	0
Achnanthes minutissima	0	0	0	0	0
Achnanthes minutissima var. saprophila	0	0	0	0	0
Achnanthes modestiformis	0	0	0	0	0
Achnanthes nodosa	0	0	0	0	0
Achnanthes oestrupii	0	0	0	0	0
Achnanthes (Other)	0	0	0	0	0
Achnanthes pericava	0	0	0	0	0
Achnanthes petersenii	0	0	0	0	0
Achnanthes ploenensis	0	0	0	0	0
Achnanthes punctulata	0	0	0	0	0
Achnanthes pusilla	0	0	0	0	0
Achnanthes ricula	0	0	0	0	0
Achnanthes rosenstockii	0	0	0	0	0
Achnanthes rossii	0	0	0	0	0
Achnanthes rostrata	0	0	0	0	0
Achnanthes rupestoides	0	0	0	0	0
Achnanthes rupestris	0	0	0	0	0
Achnanthes saccula	0	0	0	0	0
Achnanthes saxonica	0	0	0	0	0
Achnanthes scotica	0	0	0	0	0
Achnanthes semiaperta	0	0	0	0	0
Achnanthes silvahercynia	0	0	0	0	0
Achnanthes stolida	0	0	0	0	0
Achnanthes straubiana	0	0	0	0	0
Achnanthes subatomoides	0	0	0	0	0
Achnanthes subsalsa	0	0	0	0	0
Achnanthes suchlandtii	0	0	0	0	0
Achnanthes thermalis	0	0	0	0	0
Achnanthes trinodis	0	0	0	0	0
Achnanthes ventralis	0	0	0	0	0
Achnanthes ziegleri	0	0	0	0	0
Achnanthidium	0	0	0	0	0
Achnanthidium affine	0	0	0	0	0
Achnanthidium caledonicum	0	0	0	0	0
Achnanthidium catenatum	0	0	0	0	0
Achnanthidium eutrophilum	0	0	0	0	0
Achnanthidium exilis	0	0	0	0	0
Achnanthidium jackii	0	0	0	0	0
Achnanthidium kranzii	0	0	0	0	0
Achnanthidium lineare	0	0	0	0	0
Achnanthidium microcephalum	0	0	0	0	0
Achnanthidium microcephalum forma scotica	0	0	0	0	0
Achnanthidium minutissimum	2531	3637	0	0	214
Achnanthidium minutissimum type	0	0	0	0	0
Achnanthidium minutissimum var. gracillima	0	0	0	0	0
Achnanthidium neomicrocephalum	0	0	0	0	0
Achnanthidium pyrenaicum	5028	8960	0	0	2030
Achnanthidium reimeri	0	1	0	0	0
Achnanthidium saprophilum	0	1	0	0	0
Achnanthidium subatomus	0	0	0	0	0
Achnanthidium thermale	0	0	0	0	0
Achnnathidium rivulare	7	22	0	0	0
Actinocyclus	0	0	0	0	0
Actinocyclus normanii	0	0	0	0	0
Actinocyclus normanii f. subsalsa	0	0	0	0	0
Actinoptychus	0	0	0	0	0
Actinoptychus splendens	0	0	0	0	0
Adlafia brockmannii	0	0	0	0	0
Adlafia bryophila	3	0	0	0	0
Adlafia minuscula	6	1	0	0	0
Adlafia minuscula var. muralis	0	0	0	0	0
Adlafia suchlandtii	0	0	0	0	0
Amphipleura	0	0	0	0	0
Amphipleura lindheimeri	0	0	0	0	0
Amphipleura pellucida	0	0	0	0	0
Amphipleura rutilans	0	0	0	0	0
Amphora	18	0	0	0	502
Amphora abludens	0	0	0	0	0
Amphora aequalis	0	0	0	0	0
Amphora affinis	0	0	0	0	6
Amphora aliformis	0	0	0	0	0
Amphora atomoides	0	0	0	0	11
Amphora beaufortiana	0	0	0	0	0
Amphora berolinensis	0	0	0	0	0
Amphora commutata	0	0	0	0	0
Amphora copulata	12	5	0	0	1907
Amphora decussata	0	0	0	0	0
Amphora delicatissima	0	0	0	0	0
Amphora dusenii	0	0	0	0	0
Amphora exigua	0	0	0	0	0
Amphora fogediana	0	0	0	0	0
Amphora graeffeana	0	0	0	0	0
Amphora hyalina	0	0	0	0	0
Amphora inariensis	0	0	0	0	0
Amphora laevissima	0	0	0	0	0
Amphora lineolata	0	0	0	0	0
Amphora obtusa	0	0	0	0	0
Amphora (Other)	0	0	0	0	0
Amphora ovalis	9	0	0	0	124
Amphora ovalis var. libyca	0	0	0	0	0
Amphora ovalis var. pediculus	0	0	0	0	0
Amphora pediculus	105	82	0	0	51452
Amphora pediculus type	0	0	0	0	0
Amphora proteus	0	0	0	0	0
Amphora securicula	0	0	0	0	0
Amphora semperpalorum	0	0	0	0	0
Amphora subholsatica	0	0	0	0	0
Amphora sublaevis	0	0	0	0	0
Amphora sulcata	0	0	0	0	0
Amphora waldeniana	0	0	0	0	0
Aneumastus	0	0	0	0	0
Aneumastus stroesei	0	0	0	0	0
Aneumastus tusculus	0	0	0	0	0
Anomoeoneis brachysira	0	0	0	0	0
Anomoeoneis fogedii	0	0	0	0	0
Anomoeoneis follis	0	0	0	0	0
Anomoeoneis sculpta	0	0	0	0	0
Anomoeoneis sphaerophora	0	0	0	0	0
Anomoeoneis vitrea	0	0	0	0	0
Ardissonea baculus	0	0	0	0	0
Ardissonea formosa	0	0	0	0	0
Asterionella	0	0	0	0	0
Asterionella formosa	0	0	0	0	0
Asterionella ralfsii	0	0	0	0	0
Asteromphalus	0	0	0	0	0
Aulacoseira	0	0	0	0	0
Aulacoseira alpigena	0	0	0	0	0
Aulacoseira ambigua	0	0	0	0	0
Aulacoseira distans	0	0	0	0	0
Aulacoseira distans var. nivalis	0	0	0	0	0
Aulacoseira distans var. nivaloides	0	0	0	0	0
Aulacoseira granulata	0	0	0	0	0
Aulacoseira granulata var. angustissima	0	0	0	0	0
Aulacoseira islandica	0	0	0	0	0
Aulacoseira italica subsp. subarctica	0	0	0	0	0
Aulacoseira lacustris	0	0	0	0	0
Aulacoseira lirata var. alpigena	0	0	0	0	0
Aulacoseira lirata var. lirata	0	0	0	0	0
Aulacoseira perglabra	0	0	0	0	0
Aulacoseira perglabra var. florinae	0	0	0	0	0
Aulacoseira subarctica	0	0	0	0	0
Aulacoseira subarctica f. subborealis	0	0	0	0	0
Aulacoseira tethera	0	0	0	0	0
Aulacoseira valida	0	0	0	0	0
Bacillaria	0	0	0	0	0
Bacillaria paxillifer	0	0	0	0	0
Bacterosira bathyomphala	0	0	0	0	0
Bacterosira constricta	0	0	0	0	0
Berkeleya	0	0	0	0	0
Berkeleya rutilans	0	0	0	0	0
Biremis	0	0	0	0	0
Bleakeleya notata	0	0	0	0	0
Bolidomonas pacifica	0	0	0	0	0
Brachysira	0	0	0	0	0
Brachysira brebissonii	0	0	0	0	0
Brachysira brebissonii fo. thermalis	0	0	0	0	0
Brachysira follis	0	0	0	0	0
Brachysira intermedia	0	0	0	0	0
Brachysira microcephala	0	0	0	0	0
Brachysira neoexilis	0	0	0	0	0
Brachysira procera	0	0	0	0	0
Brachysira serians	0	0	0	0	0
Brachysira styriaca	0	0	0	0	0
Brachysira vitrea	0	0	0	0	0
Brachysira vitrea type	0	0	0	0	0
Brebissonia	0	0	0	0	0
Brebissonia lanceolata	82	2	0	0	114
Caloneis	0	0	0	0	0
Caloneis alpestris	0	0	0	0	0
Caloneis amphisbaena	0	0	0	0	0
Caloneis bacillaris	0	0	0	0	0
Caloneis bacillum	0	0	0	0	0
Caloneis bacillum var. lancettula	0	0	0	0	0
Caloneis budensis	0	0	0	0	0
Caloneis hyalina	0	0	0	0	0
Caloneis lauta	0	0	0	0	0
Caloneis lewisii	0	0	0	0	0
Caloneis limosa	0	0	0	0	0
Caloneis limosa var. lancettula	0	0	0	0	0
Caloneis molaris	0	0	0	0	0
Caloneis permagna	0	0	0	0	0
Caloneis schumanniana	0	0	0	0	0
Caloneis silicula	0	0	0	0	0
Caloneis silicula var. alpina	0	0	0	0	0
Caloneis subsalina	0	0	0	0	0
Caloneis tenuis	0	0	0	0	0
Caloneis undulata	0	0	0	0	0
Caloneis ventricosa	0	0	0	0	0
Campylodiscus	0	0	0	0	0
Campylodiscus clypeus	0	0	0	0	0
Campylodiscus hibernicus	0	0	0	0	0
Campylodiscus levanderi	0	0	0	0	0
Campylodiscus marginatus	0	0	0	0	0
Campylodiscus striatus	0	0	0	0	0
Catacombas gaillonii	0	0	0	0	0
Cavinula	0	0	0	0	0
Cavinula cocconeiformis	0	0	0	0	0
Cavinula jaernefeltii	0	0	0	0	0
Cavinula lacustris	0	0	0	0	0
Cavinula lapidosa	0	0	0	0	0
Cavinula pseudoscutiformis	0	0	0	0	0
Cavinula scutelloides	0	0	0	0	0
Cavinula variostriata	0	0	0	0	0
Centric diatoms	0	0	0	0	0
Centric undif.	0	0	0	0	0
Centronella	0	0	0	0	0
Centronella reicheltii	0	0	0	0	0
Chamaepinnularia soehrensis	0	0	0	0	0
Chamaepinnularia soehrensis var. hassiaca	0	0	0	0	0
Climaconeis riddleae	0	0	0	0	0
Climacosphenia	0	0	0	0	0
Cocconeis	0	0	0	0	0
Cocconeis diminuta	0	0	0	0	0
Cocconeis disculus	0	0	0	0	0
Cocconeis disculus var. diminuta	0	0	0	0	0
Cocconeis euglypta	0	0	0	0	0
Cocconeis lineata	0	0	0	0	0
Cocconeis neodiminuta	0	0	0	0	0
Cocconeis neothumensis	0	0	0	0	0
Cocconeis pediculus	395	38	0	0	789
Cocconeis placentula	2722	4717	0	0	1252
Cocconeis placentula agg.	0	0	0	0	0
Cocconeis placentula var. klinoraphis	0	0	0	0	0
Cocconeis pseudolineata	0	0	0	0	0
Cocconeis pseudothumensis	0	0	0	0	0
Cocconeis scutellum	0	0	0	0	0
Cocconeis stauroneiformis	0	0	0	0	0
Conticribra	0	0	0	0	0
Conticribra weissflogii	0	4	0	0	0
Coscinodiscus	0	0	0	0	0
Coscinodiscus concinnus	0	0	0	0	0
Coscinodiscus granii	0	0	0	0	0
Coscinodiscus jonesianus	0	0	0	0	0
Coscinodiscus radiatus	0	0	0	0	0
Coscinodiscus wailesii	0	0	0	0	0
Cosmioneis	0	0	0	0	0
Cosmioneis pusilla	0	0	0	0	0
Craticula	0	0	0	0	0
Craticula accomoda	0	0	0	0	0
Craticula ambigua	0	0	0	0	0
Craticula buderi	0	0	0	0	0
Craticula cuspidata	0	0	0	0	0
Craticula halophila	0	0	0	0	0
Craticula halophilioides	0	0	0	0	0
Craticula importuna	41	45	0	0	0
Craticula minusculoides	0	0	0	0	0
Craticula molestiformis	0	0	0	0	165
Craticula subminuscula	0	8	0	0	452
Craticula submolesta	0	0	0	0	0
Craticula vixvisibilis	0	0	0	0	0
Ctenophora pulchella	0	0	0	0	0
Cyclophora	0	0	0	0	0
Cyclophora tenuis	0	0	0	0	0
Cyclostephanos	0	0	0	0	0
Cyclostephanos dubius	0	0	0	0	0
Cyclostephanos invisitatus	0	0	0	0	0
Cyclostephanos tholiformis	0	0	0	0	0
Cyclotella	0	0	0	0	0
Cyclotella atomus	0	0	0	0	0
Cyclotella bodanica	0	0	0	0	0
Cyclotella bodanica var. affinis	0	0	0	0	0
Cyclotella choctawhatcheeana	0	0	0	0	0
Cyclotella comensis	0	0	0	0	0
Cyclotella cryptica	0	0	0	0	0
Cyclotella cyclopuncta	0	0	0	0	0
Cyclotella distinguenda	0	0	0	0	0
Cyclotella distinguenda var. unipunctata	0	0	0	0	0
Cyclotella gamma	0	0	0	0	0
Cyclotella glomerata	0	0	0	0	0
Cyclotella gordonensis	0	0	0	0	0
Cyclotella krammeri	0	0	0	0	0
Cyclotella kuetzingiana	0	0	0	0	0
Cyclotella litoralis	0	0	0	0	0
Cyclotella meneghiniana	0	10	0	0	0
Cyclotella ocellata	0	0	0	0	0
Cyclotella praetermissa	0	0	0	0	0
Cyclotella radiosa	0	0	0	0	0
Cyclotella rossii	0	0	0	0	0
Cyclotella stelligera	0	0	0	0	0
Cyclotella striata	0	0	0	0	0
Cyclotella stylorum	0	0	0	0	0
Cylindrotheca	0	0	0	0	0
Cylindrotheca closterium	0	0	0	0	0
Cymatopleura	0	0	0	0	0
Cymatopleura elliptica	19	3	0	0	183
Cymatopleura elliptica var. constricta	0	0	0	0	0
Cymatopleura elliptica var. hibernica	0	0	0	0	0
Cymatopleura solea	15	0	0	0	6
Cymatopleura solea var. apiculata	0	0	0	0	0
Cymbella	11	0	0	0	0
Cymbella aequalis	0	0	0	0	0
Cymbella affinis	0	0	0	0	0
Cymbella amphicephala	0	0	0	0	0
Cymbella ancyli	0	0	0	0	0
Cymbella aspera	0	0	0	0	0
Cymbella baicalensis	22	117	0	0	0
Cymbella brehmii	0	0	0	0	0
Cymbella caespitosa	0	0	0	0	0
Cymbella cesatii	0	0	0	0	0
Cymbella cistula	1	0	0	0	0
Cymbella cistula var. maculata	0	0	0	0	0
Cymbella cuspidata	0	0	0	0	0
Cymbella cymbiformis	0	0	0	0	0
Cymbella delicatula	0	0	0	0	0
Cymbella descripta	0	0	0	0	0
Cymbella elginensis	0	0	0	0	0
Cymbella excisa	0	0	0	0	0
Cymbella falaisensis	0	0	0	0	0
Cymbella gaeumannii	0	0	0	0	0
Cymbella gracilis	0	0	0	0	0
Cymbella hebridica	0	0	0	0	0
Cymbella helvetica	116	0	0	0	0
Cymbella heterogibbosa	0	0	0	0	0
Cymbella hustedtii	0	0	0	0	0
Cymbella incerta	0	0	0	0	0
Cymbella janischii	0	0	0	0	0
Cymbella lacustris	0	0	0	0	0
Cymbella laevis	0	0	0	0	0
Cymbella lanceolata	0	0	0	0	0
Cymbella lapponica	0	0	0	0	0
Cymbella leptoceros	0	0	0	0	0
Cymbella leptoceros var. angusta	0	0	0	0	0
Cymbella lunata	0	0	0	0	0
Cymbella mesiana	0	0	0	0	0
Cymbella mexicana	0	0	0	0	0
Cymbella microcephala	0	0	0	0	0
Cymbella microcephala form microcephala	0	0	0	0	0
Cymbella minuta	0	0	0	0	0
Cymbella minuta var. silesiaca	0	0	0	0	0
Cymbella naviculiformis	0	0	0	0	0
Cymbella perpusilla	0	0	0	0	0
Cymbella prostrata	0	0	0	0	0
Cymbella proxima	0	2	0	0	1
Cymbella pusilla	0	0	0	0	0
Cymbella reichardtii	0	0	0	0	0
Cymbella reinhardtii	0	0	0	0	0
Cymbella rupicola var. rostrata	0	0	0	0	0
Cymbella scotica var. naviculacea	0	0	0	0	0
Cymbella silesiaca	0	0	0	0	0
Cymbella sinuata	0	0	0	0	0
Cymbella stuxbergia	0	0	0	0	0
Cymbella subaequalis	0	0	0	0	0
Cymbella tumida	0	0	0	0	809
Cymbella turgidula	0	0	0	0	0
Cymbellonitzschia diluviana	0	0	0	0	0
Cymbopleura	0	0	0	0	0
Cymbopleura amphicephala	0	0	0	0	0
Cymbopleura cuspidata	0	0	0	0	0
Cymbopleura inaequalis	0	0	0	0	0
Cymbopleura incerta	0	0	0	0	0
Cymbopleura lapponica	0	0	0	0	0
Cymbopleura naviculiformis	0	0	0	0	0
Cymbopleura reinhardtii	0	0	0	0	0
Cymbopleura subaequalis	0	0	0	0	0
Cymbopleura subcuspidata	0	0	0	0	0
Decussata placenta	0	0	0	0	0
Delicata delicatula	0	0	0	0	0
Delphineis	0	0	0	0	0
Delphineis minutissima	0	0	0	0	0
Denticula	0	0	0	0	0
Denticula elegans	0	0	0	0	0
Denticula kuetzingii	0	0	0	0	0
Denticula subtilis	0	0	0	0	0
Denticula tenuis	0	0	0	0	0
Denticula thermalis	0	0	0	0	0
Detonula confervacaea	0	0	0	0	0
Detonula pumila	0	0	0	0	0
Diadesmis	0	0	0	0	0
Diadesmis confervacea	0	0	0	0	0
Diadesmis contenta	0	0	0	0	0
Diadesmis contenta var. biceps	0	0	0	0	0
Diadesmis gallica	0	0	0	0	0
Diatoma	0	0	0	0	0
Diatoma ehrenbergii	0	0	0	0	0
Diatoma elongatum	0	0	0	0	0
Diatoma hyemale	0	0	0	0	0
Diatoma hyemale var. mesodon	0	0	0	0	0
Diatoma mesodon	0	0	0	0	0
Diatoma moniliforme	0	0	0	0	0
Diatoma moniliformis	4054	124	0	0	0
Diatoma problematica	0	0	0	0	0
Diatoma tenue	410	13	0	0	0
Diatoma tenue var. elongatum	0	0	0	0	0
Diatoma vulgare	1844	0	0	0	96
Diatoma vulgare agg.	0	0	0	0	0
Diatoma vulgare var. ehrenbergii	0	0	0	0	0
Diatomella balfouriana	0	0	0	0	0
Didymosphenia	0	0	0	0	0
Didymosphenia dentata	0	0	0	0	0
Didymosphenia geminata	0	0	0	0	0
Dimeregramma dubium	0	0	0	0	0
Diploneis	0	0	0	0	0
Diploneis elliptica	0	0	0	0	0
Diploneis finnica	0	0	0	0	0
Diploneis hyalina	0	0	0	0	0
Diploneis marginestriata	0	0	0	0	0
Diploneis modica	0	0	0	0	0
Diploneis oblongella var. gibbosa	0	0	0	0	0
Diploneis oculata	0	0	0	0	0
Diploneis ovalis	0	0	0	0	0
Diploneis parma	0	0	0	0	0
Diploneis petersenii	0	0	0	0	0
Diploneis smithii	0	0	0	0	0
Diploneis subconstricta fo. alpina	0	0	0	0	0
Diploneis subovalis	0	0	0	0	0
Discostella	0	0	0	0	0
Discostella pseudostelligera	0	0	0	0	0
Ellerbeckia	0	0	0	0	0
Ellerbeckia arenaria	0	0	0	0	0
Encyonema	2	39	0	0	15
Encyonema alpinum	0	0	0	0	0
Encyonema brehmii	0	0	0	0	0
Encyonema caespitosum	0	0	0	0	0
Encyonema elginense	0	0	0	0	0
Encyonema gaeumannii	0	0	0	0	0
Encyonema gracile	0	0	0	0	0
Encyonema hebridicum	0	0	0	0	0
Encyonema lacustre	0	0	0	0	0
Encyonema lunatum	0	0	0	0	0
Encyonema macedonicum	0	0	0	0	0
Encyonema minutum	10	125	0	0	1
Encyonema - minutum-type	0	0	0	0	0
Encyonema muelleri	0	0	0	0	0
Encyonema norvegicum	0	0	0	0	0
Encyonema obscurum	0	0	0	0	0
Encyonema perpusillum	0	0	0	0	0
Encyonema prostratrum	0	0	0	0	0
Encyonema prostratum	0	5	0	0	167
Encyonema reichardtii	0	0	0	0	0
Encyonema silesiacum	95	226	0	0	148
Encyonema triangulum	0	0	0	0	0
"Encyonema ""ventricosum"" agg."	0	0	0	0	0
Encyonopsis	0	0	0	0	0
Encyonopsis aequalis	0	0	0	0	0
Encyonopsis cesatii	0	0	0	0	0
Encyonopsis falaisensis	0	0	0	0	0
Encyonopsis microcephala	0	0	0	0	0
Encyonopsis subminuta	0	0	0	0	0
Entomoneis	0	0	0	0	0
Entomoneis alata	0	0	0	0	0
Entomoneis ornata	0	0	0	0	0
Entomoneis paludosa	0	0	0	0	0
Eolimna	0	0	0	0	0
Eolimna minima	5	51	0	0	4324
Eolimna utermoehlii	0	0	0	0	0
Epithemia	0	0	0	0	0
Epithemia adnata	0	0	0	0	0
Epithemia argus	0	0	0	0	0
Epithemia contorta	0	0	0	0	0
Epithemia frickei	0	0	0	0	0
Epithemia goeppertiana	0	0	0	0	0
Epithemia sorex	0	0	0	0	0
Epithemia turgida	0	0	0	0	0
Eucocconeis depressa	0	0	0	0	0
Eucocconeis flexella	0	0	0	0	0
Eucocconeis laevis	0	0	0	0	0
Eucocconeis lapponica	0	0	0	0	0
Eunotia	0	0	0	0	0
Eunotia arculus	0	0	0	0	0
Eunotia arcus	0	0	0	0	0
Eunotia bactriana	0	0	0	0	0
Eunotia bidentula	0	0	0	0	0
Eunotia bigibba	0	0	0	0	0
Eunotia bilunaris	0	4	0	0	0
Eunotia bilunaris var. linearis	0	0	0	0	0
Eunotia bilunaris var. mucophila	0	0	0	0	0
Eunotia circumborealis	0	0	0	0	0
Eunotia curvata var. linearis	0	0	0	0	0
Eunotia curvata var. subarcuata	0	0	0	0	0
Eunotia denticulata var. denticulata	0	0	0	0	0
Eunotia diodon	0	0	0	0	0
Eunotia elegans	0	0	0	0	0
Eunotia exgracilis	0	0	0	0	0
Eunotia exigua	0	0	0	0	0
Eunotia exigua var. tridentula	0	0	0	0	0
Eunotia faba	0	0	0	0	0
Eunotia fallax	0	0	0	0	0
Eunotia flexuosa	0	0	0	0	0
Eunotia formica	0	0	0	0	0
Eunotia glacialis	0	0	0	0	0
Eunotia hemicyclus	0	0	0	0	0
Eunotia iatriaensis	0	0	0	0	0
Eunotia implicata	0	0	0	0	0
Eunotia incisa	0	0	0	0	0
Eunotia intermedia	0	0	0	0	0
Eunotia islandica	0	0	0	0	0
Eunotia latitaenia	0	0	0	0	0
Eunotia meisteri	0	0	0	0	0
Eunotia microcephala	0	0	0	0	0
Eunotia minor	0	0	0	0	0
Eunotia minutissima	0	0	0	0	0
Eunotia monodon	0	0	0	0	0
Eunotia monodon fo. monodon	0	0	0	0	0
Eunotia monodon var. bidens	0	0	0	0	0
Eunotia muscicola	0	0	0	0	0
Eunotia muscicola var. tridentula	0	0	0	0	0
Eunotia naegelii	0	0	0	0	0
Eunotia nodosa	0	0	0	0	0
Eunotia nymanniana	0	0	0	0	0
Eunotia paludosa	0	0	0	0	0
Eunotia paludosa var. trinacria	0	0	0	0	0
Eunotia parallela	0	0	0	0	0
Eunotia pectinalis	0	0	0	0	0
Eunotia pectinalis fo. impressa	0	0	0	0	0
Eunotia pectinalis var. minor fo. intermedia	0	0	0	0	0
Eunotia pectinalis var. undulata	0	0	0	0	0
Eunotia pectinalis var. ventralis	0	0	0	0	0
Eunotia pectinalis var. ventricosa	0	0	0	0	0
Eunotia pirla	0	0	0	0	0
Eunotia praerupta	0	0	0	0	0
Eunotia praerupta-nana	0	0	0	0	0
Eunotia praerupta var. bidens	0	0	0	0	0
Eunotia pseudopectinalis	0	0	0	0	0
Eunotia rhomboidea	0	0	0	0	0
Eunotia rhynchocephala	0	0	0	0	0
Eunotia schwabei	0	0	0	0	0
Eunotia septentrionalis	0	0	0	0	0
Eunotia serra	0	0	0	0	0
Eunotia serra var. diadema	0	0	0	0	0
Eunotia serra var. tetraodon	0	0	0	0	0
Eunotia silvahercynia	0	0	0	0	0
Eunotia soleirolii	0	0	0	0	0
Eunotia subarcuatoides	0	0	0	0	0
Eunotia sudetica	0	0	0	0	0
Eunotia tenella	0	0	0	0	0
Eunotia tridentula	0	0	0	0	0
Eunotia trinacria var. trinacria	0	0	0	0	0
Eunotia valida	0	0	0	0	0
Fallacia	0	0	0	0	0
Fallacia forcipata	0	0	0	0	0
Fallacia helensis	0	0	0	0	0
Fallacia indifferens	0	0	0	0	0
Fallacia insociabilis	0	0	0	0	0
Fallacia lenzii	0	0	0	0	0
Fallacia lucinensis	0	0	0	0	0
Fallacia monoculata	0	0	0	0	0
Fallacia pygmaea	0	0	0	0	0
Fallacia subhamulata	0	0	0	0	0
Fallacia sublucidula	0	0	0	0	0
Fallacia tenera	0	0	0	0	0
Fistulifera / Mayamaea	0	0	0	0	0
Fistulifera pelliculosa	0	0	0	0	0
Fistulifera saprophila	139	890	0	0	110
Fistulifera solaris	5	36	0	0	1
Fragilaria	0	0	0	0	0
Fragilaria bicapitata	0	0	0	0	0
Fragilaria bidens	1	0	0	0	0
Fragilaria brevistriata	0	0	0	0	0
Fragilaria capucina	0	0	0	0	0
Fragilaria capucina agg.	0	0	0	0	0
Fragilaria capucina var. amphicephala	0	0	0	0	0
Fragilaria capucina var. austriaca	0	0	0	0	0
Fragilaria capucina var. capitellata	0	0	0	0	0
Fragilaria capucina var. distans	0	0	0	0	0
Fragilaria capucina var. intermedia	0	0	0	0	0
Fragilaria capucina var. perminuta	0	0	0	0	0
Fragilaria capucina var. rumpens	0	0	0	0	0
Fragilaria capucina var. subsalina	0	0	0	0	0
Fragilaria constricta fo. constricta	0	0	0	0	0
Fragilaria constricta fo. stricta	0	0	0	0	0
Fragilaria construens	0	5	0	0	0
Fragilaria construens var. binodis	0	0	0	0	0
Fragilaria construens var. exigua	0	0	0	0	0
Fragilaria construens var. pumila	0	0	0	0	0
Fragilaria construens var. subsalina	0	0	0	0	0
Fragilaria construens var. venter	0	0	0	0	0
Fragilaria crotonensis	0	0	0	0	0
Fragilaria delicatissima	0	0	0	0	0
Fragilaria elliptica	0	0	0	0	0
Fragilaria exigua	0	0	0	0	0
Fragilaria famelica	2	0	0	0	0
Fragilaria fasciculata	0	0	0	0	0
Fragilaria gracilis	387	86	0	1	128
Fragilaria incognita	0	0	0	0	0
Fragilaria intermedia	0	0	0	0	0
Fragilaria karelica	0	0	0	0	0
Fragilaria lapponica	0	0	0	0	0
Fragilaria leptostauron	0	0	0	0	0
Fragilaria leptostauron var. dubia	0	0	0	0	0
Fragilaria leptostauron var. martyi	0	0	0	0	0
Fragilaria mesolepta	0	0	0	0	0
Fragilaria microstriata	0	0	0	0	0
Fragilaria nanana	0	0	0	0	0
Fragilaria nanoides	75	35	0	0	0
Fragilaria nitzschioides	0	0	0	0	0
Fragilaria pararumpens	5	3	0	0	0
Fragilaria pectinalis	0	0	0	0	0
Fragilaria perminuta	0	0	0	0	0
Fragilaria pinnata	0	0	0	0	0
Fragilaria pinnata var. lancettula	0	0	0	0	0
Fragilaria pinnata var. trigona	0	0	0	0	0
Fragilaria pseudoconstruens	0	0	0	0	0
Fragilaria radians	18	0	0	0	0
Fragilaria recapitellata	0	0	0	0	0
Fragilaria robusta	0	0	0	0	0
Fragilaria rotundissima	0	0	0	0	0
Fragilaria rumpens	92	3	0	0	0
Fragilaria tenera	0	0	0	0	0
Fragilaria vaucheriae	53	22	0	0	0
Fragilaria vaucheriae var. capitellata	0	0	0	0	0
Fragilaria virescens	0	0	0	0	0
Fragilaria virescens var. capitata	0	0	0	0	0
Fragilaria virescens var. exigua	0	0	0	0	0
Fragilaria zeilleri var. elliptica	0	0	0	0	0
Fragilariforma	0	0	0	0	0
Fragilariforma bicapitata	0	0	0	0	0
Fragilariforma constricta	0	0	0	0	0
Fragilariforma nitzschioides	0	0	0	0	0
Fragilariforma virescens	0	0	0	0	0
Fragilariforma virescens var. capitata	0	0	0	0	0
Fragilariforma virescens var. exigua	0	0	0	0	0
Frustulia	0	0	0	0	0
Frustulia amphipleuroides	0	0	0	0	0
Frustulia aotearoa	0	0	0	0	0
Frustulia cassieae	0	0	0	0	0
Frustulia crassinveria	0	0	0	0	0
Frustulia creuzburgensis	0	0	0	0	0
Frustulia erifuga	0	0	0	0	0
Frustulia gondwana	0	0	0	0	0
Frustulia krammeri	0	0	0	0	0
Frustulia magaliesmontana	0	0	0	0	0
Frustulia maoriana	0	0	0	0	0
Frustulia rhomboides	0	0	0	0	0
Frustulia rhomboides fo. capitata	0	0	0	0	0
Frustulia rhomboides form undulata	0	0	0	0	0
Frustulia rhomboides var. amphipleuroides	0	0	0	0	0
Frustulia rhomboides var. crassinervia	0	0	0	0	0
Frustulia rhomboides var. saxonica	0	0	0	0	0
Frustulia rhomboides var. saxonica fo. undulata	0	0	0	0	0
Frustulia rhomboides var. viridula	0	0	0	0	0
Frustulia saxonica	0	0	0	0	0
Frustulia vulgaris	3	0	0	0	58
Frustulia vulgaris var. capitata	0	0	0	0	0
Frustulia weinholdii	0	0	0	0	0
Geissleria	0	0	0	0	0
Geissleria acceptata	0	0	0	0	0
Geissleria decussis	0	0	0	0	0
Geissleria ignota	0	0	0	0	0
Geissleria schoenfeldii	0	0	0	0	0
Gomphoneis	0	0	0	0	0
Gomphoneis minuta	2	0	0	0	0
Gomphoneis olivaceoides	0	0	0	0	0
Gomphoneis olivaceum	0	0	0	0	0
Gomphoneis quadripunctatum	0	0	0	0	0
Gomphonema	286	174	0	0	0
Gomphonema acidoclinatum	0	0	0	0	0
Gomphonema acuminatum	0	5	0	0	14
Gomphonema affine	12	56	0	0	0
Gomphonema amoenum	0	0	0	0	0
Gomphonema angustatum	0	0	0	0	0
Gomphonema angustatum var. obtusatum	0	0	0	0	0
Gomphonema angustatum var. productum	0	0	0	0	0
Gomphonema angustatum var. sarcophagus	0	0	0	0	0
Gomphonema angustum	0	0	0	0	0
Gomphonema angustum/pumilum type	0	0	0	0	0
Gomphonema apicatum	0	0	0	0	0
Gomphonema augur	0	0	0	0	0
Gomphonema auritum	0	0	0	0	0
Gomphonema bavaricum	0	0	0	0	0
Gomphonema bohemicum	0	0	0	0	0
Gomphonema bourbonense	0	0	0	0	0
Gomphonema brebissonii	0	0	0	0	0
Gomphonema calcifugum	0	0	0	0	0
Gomphonema capitatum	0	0	0	0	0
Gomphonema carolinense	1	3	0	0	0
Gomphonema clavatum	0	1	0	0	0
Gomphonema clevei	0	0	0	0	0
Gomphonema constrictum	0	0	0	0	0
Gomphonema constrictum var. capitatum	0	0	0	0	0
Gomphonema coronatum	0	0	0	0	0
Gomphonema cuneolus	0	0	0	0	0
Gomphonema cymbelliclinum	0	0	0	0	0
Gomphonema dichotomum	0	0	0	0	0
Gomphonema exiguum var. minutissimum	0	0	0	0	0
Gomphonema exilissimum	0	0	0	0	0
Gomphonema gracile	0	0	0	0	0
Gomphonema grovei	0	0	0	0	0
Gomphonema grovei var. lingulatum	0	0	0	0	0
Gomphonema hebridense	0	0	0	0	2
Gomphonema insigne	0	0	0	0	0
"Gomphonema ""intricatum"" type"	0	0	0	0	0
Gomphonema intricatum var. pumilum	0	5	0	0	0
Gomphonema lagenula	1	5	0	0	0
Gomphonema lagerheimii	0	0	0	0	0
Gomphonema lanceolatum	0	0	0	0	0
Gomphonema lateripunctatum	0	0	0	0	0
Gomphonema micropus	189	950	0	0	0
Gomphonema minusculum	0	0	0	0	0
Gomphonema minutum	1	31	0	0	0
Gomphonema narodoense	2	12	0	0	1
Gomphonema olivaceoides	0	0	0	0	0
Gomphonema olivaceum	0	0	0	0	0
Gomphonema olivaceum agg.	0	0	0	0	0
Gomphonema olivaceum var. calcareum	0	0	0	0	0
Gomphonema olivaceum var. minutissima	0	0	0	0	0
Gomphonema olivaceum var. olivaceoides	0	0	0	0	0
Gomphonema olivaceum var. staurophorum	0	0	0	0	0
Gomphonema (Other)	0	0	0	0	0
Gomphonema parvulum	149	816	0	0	1358
Gomphonema procerum	0	0	0	0	0
Gomphonema productum	7	40	0	0	0
Gomphonema pseudoaugur	0	0	0	0	0
Gomphonema pseudobohemicum	0	0	0	0	0
Gomphonema pseudotenellum	0	0	0	0	0
Gomphonema pumilum	5730	2464	0	0	165
Gomphonema rosenstockianum	8	3	0	0	40
Gomphonema saprophilum	19	122	0	0	22
Gomphonema sarcophagus	0	0	0	0	0
Gomphonema staurophorum	0	0	0	0	0
Gomphonema subclavatum	7	22	0	0	20
Gomphonema subtile	0	0	0	0	0
Gomphonema tergestinum	0	0	0	0	0
Gomphonema truncatum	79	25	0	0	723
Gomphonema truncatum var. capitatum	0	0	0	0	0
Gomphonema varioreduncum	0	0	0	0	0
Gomphonema ventricosum	0	0	0	0	0
Gomphonema vibrio	0	0	0	0	0
Gomphonema vibrio var. pumilum	0	0	0	0	0
Gomphosphenia grovei	0	0	0	0	0
Gomphosphenia grovei var. lingulata	0	0	0	0	0
Grammonema rostockensis	0	0	0	0	0
Grammonema striatulum	0	0	0	0	0
Gyrosigma	0	0	0	0	0
Gyrosigma acuminatum	14	1	0	0	0
Gyrosigma attenuatum	0	0	0	0	0
Gyrosigma nodiferum	0	0	0	0	0
Gyrosigma scalproides	0	0	0	0	0
Gyrosigma spenceri var. nodiferum	0	0	0	0	0
Gyrosigma tenuissimum	0	0	0	0	0
Gyrosigma wansbeckii	0	0	0	0	0
Halamphora	0	0	0	0	0
Halamphora caribaea	0	0	0	0	0
Halamphora coffeaeformis	0	0	0	0	0
Halamphora ghanensis	0	0	0	0	0
Halamphora holsatica	0	0	0	0	0
Halamphora montana	0	0	0	0	73
Halamphora normanii	0	0	0	0	0
Halamphora oligotraphenta	0	0	0	0	0
Halamphora subtropica	0	0	0	0	0
Halamphora veneta	0	0	0	0	105
Halamphora woelfeliae	0	0	0	0	0
Hannaea arcus	129	71	0	0	0
Hannaea arcus var. amphioxys	0	0	0	0	0
Hantzschia	0	0	0	0	0
Hantzschia abundans	0	0	0	0	0
Hantzschia amphioxys	0	0	0	0	0
Hantzschia amphioxys var. capitata	0	0	0	0	0
Hantzschia amphioxys var. major	0	0	0	0	0
Hantzschia virgata var. capitellata	0	0	0	0	0
Haslea	0	0	0	0	0
Haslea karadagensis	0	0	0	0	0
Haslea ostrearia	0	0	0	0	0
Hippodonta capitata	2	4	0	0	0
Hippodonta costulata	0	0	0	0	0
Hippodonta hungarica	0	0	0	0	0
Hippodonta luneburgensis	0	0	0	0	0
Karayevia	0	0	0	0	374
Karayevia clevei	0	0	0	0	0
Karayevia laterostrata	0	0	0	0	0
Karayevia oblongella	0	0	0	0	0
Kobayasiella subtilissima	0	0	0	0	0
Kolbesia	0	0	0	0	0
Kolbesia gessneri	0	0	0	0	0
Kolbesia kolbei	0	0	0	0	0
Kolbesia ploenensis	0	0	0	0	0
Krasskella kriegerana	0	0	0	0	0
Lemnicola hungarica	0	0	0	0	0
Leptocylindrus danicus	0	0	0	0	0
Licmophora abbreviata	0	0	0	0	0
Licmophora ehrenbergii	0	0	0	0	0
Licmophora gracilis	0	0	0	0	0
Licmophora normanniana	0	0	0	0	0
Licmophora peragallioides	0	0	0	0	0
Luticola	0	0	0	0	0
Luticola cohnii	0	0	0	0	0
Luticola goeppertiana	0	0	0	0	0
Luticola kotschyi	0	0	0	0	0
Luticola mutica	0	0	0	0	0
Luticola muticopsis	0	0	0	0	0
Luticola nivalis	0	0	0	0	0
Luticola nivaloides	0	0	0	0	0
Luticola saxophila	0	0	0	0	0
Luticola sparsipunctata	0	0	0	0	0
Luticola ventricosa	0	0	0	0	0
Lyrella atlantica	0	0	0	0	0
Lyrella hennedyi	0	0	0	0	0
Martyana atomus	0	0	0	0	0
Martyana martyi	0	0	0	0	0
Mastogloia	0	0	0	0	0
Mastogloia elliptica	0	0	0	0	0
Mastogloia smithii	0	0	0	0	0
Mastogloia smithii var. amphicephala	0	0	0	0	0
Mayamaea agrestis	0	0	0	0	0
Mayamaea atomus	0	0	0	0	0
Mayamaea atomus var. alcimonica	0	0	0	0	0
Mayamaea atomus var. permitis	19	750	0	0	902
Mayamaea fossalis	0	0	0	0	0
Mayamaea lacunolaciniata	0	0	0	0	0
Mayamaea terrestris	0	0	0	0	0
Melosira	0	0	0	0	0
Melosira arentii	0	0	0	0	0
Melosira dubia	0	0	0	0	0
Melosira moniliformis	0	0	0	0	0
Melosira nummuloides	0	0	0	0	0
Melosira varians	199	114	0	0	7940
Meridion	0	0	0	0	0
Meridion circulare	11	28	0	0	0
Meridion circulare var. constrictum	0	0	0	0	0
Microcostatus krasskei	0	0	0	0	0
Microfissurata	0	0	0	0	0
Microfissurata paludosa	0	0	0	0	0
Navicella pusilla	0	0	0	0	0
Navicula	0	4	0	0	0
Navicula accomoda	0	0	0	0	0
Navicula agrestis	0	0	0	0	0
Navicula ambigua	0	0	0	0	0
Navicula americana	0	0	0	0	0
Navicula angusta	0	0	0	0	0
Navicula antonii	0	0	0	0	0
Navicula aquaedurae	0	0	0	0	0
Navicula arcus	0	0	0	0	0
Navicula atomus	0	0	0	0	0
Navicula atomus var. permitis	0	0	0	0	0
Navicula bacilloides	0	0	0	0	0
Navicula bacillum	0	0	0	0	0
Navicula begeri	0	0	0	0	0
Navicula bryophila	0	0	0	0	0
Navicula capitatoradiata	0	0	0	0	9
Navicula cari	0	0	0	0	0
Navicula cari var. cincta	0	0	0	0	0
Navicula caroliniana	0	0	0	0	0
Navicula carteri	0	0	0	0	0
Navicula caterva	0	0	0	0	0
Navicula cincta	0	0	0	0	58
Navicula claytonii	0	0	0	0	0
Navicula clementioides	0	0	0	0	0
Navicula clementis	0	0	0	0	0
Navicula cocconeiformis	0	0	0	0	0
Navicula concentrica	0	0	0	0	0
Navicula confervacea	0	0	0	0	0
Navicula cryptocephala	0	6	0	0	0
Navicula cryptotenella	186	0	0	0	1843
Navicula cryptotenella agg.	0	0	0	0	0
Navicula cryptotenelloides	32	1	0	0	331
Navicula cuspidata	0	0	0	0	0
Navicula decussis	0	0	0	0	0
Navicula detenta	0	0	0	0	0
Navicula dicephala	0	0	0	0	0
Naviculadicta	0	0	0	0	0
Naviculadicta absoluta	0	0	0	0	0
Naviculadicta pseudoventralis	0	0	0	0	0
Naviculadicta schmassmannii	0	0	0	0	0
Navicula digitoradiata	0	0	0	0	0
Navicula duerrenbergiana	0	0	0	0	0
Navicula elginensis	0	0	0	0	0
Navicula erifuga	0	0	0	0	0
Navicula evanida	0	0	0	0	0
Navicula exigua var. signata	0	0	0	0	0
Navicula exilis	0	0	0	0	0
Navicula explanata	0	0	0	0	0
Navicula festiva	0	0	0	0	0
Navicula gallica	0	0	0	0	0
Navicula gallica var. perpusilla	0	0	0	0	0
Navicula gastrum	0	0	0	0	0
Navicula germainii	0	0	0	0	0
Navicula gibbula	0	0	0	0	0
Navicula glaciei	0	0	0	0	0
Navicula goeppertiana	0	0	0	0	0
Navicula gracilis	0	0	0	0	0
Navicula graciloides	0	0	0	0	0
Navicula gregaria	2665	932	0	0	0
Navicula halophila	0	0	0	0	0
Navicula halophiloides	0	0	0	0	0
Navicula harderi	0	0	0	0	0
Navicula heimansioides	0	0	0	0	0
Navicula helensis	0	0	0	0	0
Navicula hoefleri	0	0	0	0	0
Navicula hungarica	0	0	0	0	0
Navicula ignota	0	0	0	0	0
Navicula ignota var. acceptata	0	0	0	0	0
Navicula ignota var. palustris	0	0	0	0	0
Navicula impexa	0	0	0	0	0
Navicula indifferens	0	0	0	0	0
Navicula ingenua	0	0	0	0	0
Navicula jaagii	0	0	0	0	0
Navicula jaernefeltii	0	0	0	0	0
Navicula jentzschii	0	0	0	0	0
Navicula joubaudii	0	0	0	0	0
Navicula krasskei	0	0	0	0	0
Navicula lacunolaciniata	0	0	0	0	0
Navicula lacustris	0	0	0	0	0
Navicula laevissima	0	0	0	0	0
Navicula lanceolata	24382	26856	0	0	1281
Navicula lapidosa	0	0	0	0	0
Navicula laterostrata	0	0	0	0	0
Navicula lenzii	0	0	0	0	0
Navicula leptostriata	0	0	0	0	0
Navicula libonensis	0	0	0	0	0
Navicula littoralis	0	0	0	0	0
Navicula lundii	0	0	0	0	0
Navicula madumensis	0	0	0	0	0
Navicula mediocris	0	0	0	0	0
Navicula menisculus	0	0	0	0	0
Navicula menisculus var. grunowii	0	0	0	0	0
Navicula microcari	0	0	0	0	0
Navicula minima	0	0	0	0	0
Navicula minuscula	0	0	0	0	0
Navicula minuscula var. muralis	0	0	0	0	0
Navicula minusculoides	0	0	0	0	0
Navicula modica	0	0	0	0	0
Navicula molestiformis	0	0	0	0	0
Navicula muralis	0	0	0	0	0
Navicula mutica	0	0	0	0	0
Navicula mutica var. ventricosa	0	0	0	0	0
Navicula muticopsis	0	0	0	0	0
Navicula notha	0	0	0	0	0
Navicula oblonga	0	0	0	0	0
Navicula oblongella	0	0	0	0	0
Navicula obsoleta	0	0	0	0	0
Navicula occulta	0	0	0	0	0
Navicula oppugnata	0	0	0	0	0
Navicula pelliculosa	0	0	0	0	0
Navicula peregrina	0	0	0	0	0
Navicula perminuta	0	1321	0	0	0
Navicula phyllepta	0	0	0	0	0
Navicula placenta	0	0	0	0	0
Navicula placentula	0	0	0	0	0
Navicula porifera	0	0	0	0	0
Navicula porifera var. opportuna	0	0	0	0	0
Navicula praeterita	0	0	0	0	0
Navicula protracta	0	0	0	0	0
Navicula pseudacceptata	0	1	0	0	0
Navicula pseudobryophila	0	0	0	0	0
Navicula pseudolanceolata	0	0	0	0	0
Navicula pseudolanceolata var. densilineolata	0	0	0	0	0
Navicula pseudoscutiformis	0	0	0	0	0
Navicula pseudotuscula	0	0	0	0	0
Navicula pseudoventralis	0	0	0	0	0
Navicula pupula	0	0	0	0	0
Navicula pusilla	0	0	0	0	0
Navicula pygmaea	0	0	0	0	0
Navicula radiosa	0	0	0	0	103
Navicula radiosafallax	0	0	0	0	0
Navicula radiosa var. tenella	0	0	0	0	0
Navicula ramosissima	0	0	0	0	0
Navicula recens	0	0	0	0	0
Navicula reichardtiana	0	0	0	0	0
Navicula reinhardtii	1	0	0	0	0
Navicula rhynchocephala	0	0	0	0	0
Navicula rhynchotella	0	0	0	0	0
Navicula salinarum	0	0	0	0	0
Navicula salinicola	0	0	0	0	0
Navicula saprophila	0	0	0	0	0
Navicula saxophila	0	0	0	0	0
Navicula schadei	0	0	0	0	0
Navicula schmassmannii	0	0	0	0	0
Navicula schoenfeldii	0	0	0	0	0
Navicula schroeteri	0	0	0	0	0
Navicula scutelloides	0	0	0	0	0
Navicula seminuloides	0	0	0	0	0
Navicula seminulum	0	0	0	0	0
Navicula similis	0	0	0	0	0
Navicula slesvicensis	8	7	0	0	0
Navicula - small forms	0	0	0	0	0
Navicula soehrensis	0	0	0	0	0
Navicula soehrensis var. hassiaca	0	0	0	0	0
Navicula soehrensis var. muscicola	0	0	0	0	0
Navicula striolata	0	0	0	0	0
Navicula stroemii	0	0	0	0	0
Navicula subalpina	0	0	0	0	0
Navicula subatomoides	0	0	0	0	0
Navicula subcostulata	0	0	0	0	0
Navicula subhamulata	0	0	0	0	0
Navicula submolesta	0	0	0	0	0
Navicula subrhynchocephala	0	0	0	0	0
Navicula subtilissima	0	0	0	0	0
Navicula suchlandtii	0	0	0	0	0
Navicula supergradata	0	0	0	0	0
Navicula supralitoralis	0	0	0	0	0
Navicula tantula	0	0	0	0	0
Navicula tenelloides	0	0	0	0	0
Navicula tenuicephala	0	0	0	0	0
Navicula tridentula	0	0	0	0	0
Navicula tripunctata	254	10	0	0	150
Navicula trivialis	0	0	0	0	0
Navicula tuscula	0	0	0	0	0
Navicula upsaliensis	8	1	0	0	6306
Navicula variostriata	0	0	0	0	0
Navicula veneta	0	0	0	0	0
Navicula ventralis	0	0	0	0	0
Navicula viridula	0	0	0	0	0
Navicula viridula var. germainii	0	0	0	0	0
Navicula viridula var. linearis	0	0	0	0	0
Navicula vitabunda	0	0	0	0	0
Navicula vulpina	0	0	0	0	0
Navicula wittrockii	0	0	0	0	0
Neidium	0	0	0	0	0
Neidium affine	0	0	0	0	0
Neidium affine var. amphirhynchus	0	0	0	0	0
Neidium affine var. humerus	0	0	0	0	0
Neidium alpinum	0	0	0	0	0
Neidium amphigomphus	0	0	0	0	0
Neidium ampliatum	0	0	0	0	0
Neidium binodeforme	0	0	0	0	0
Neidium binodis	0	0	0	0	0
Neidium bisulcatum	0	0	0	0	0
Neidium dilatatum	0	0	0	0	0
Neidium dubium	0	0	0	0	0
Neidium fossum	0	0	0	0	0
Neidium glaberrimum	0	0	0	0	0
Neidium hercynicum	0	0	0	0	0
Neidium hitchcockii	0	0	0	0	0
Neidium productum	0	0	0	0	0
Neidium tumescens	0	0	0	0	0
Neodelphineis	0	0	0	0	0
Nitzschia	37	33	0	0	2240
Nitzschia abbreviata	0	0	0	0	0
Nitzschia acicularis	0	0	0	0	0
Nitzschia acidoclinata	0	4	0	0	0
Nitzschia acula	0	0	0	0	0
Nitzschia adamata	0	0	0	0	0
Nitzschia aequorea	0	0	0	0	0
Nitzschia aerophila	0	0	0	0	0
Nitzschia agnita	0	0	0	0	0
Nitzschia alicae	0	0	0	0	0
Nitzschia alpina	0	0	0	0	0
Nitzschia amphibia	0	0	0	0	20856
Nitzschia amphibia var. acutiuscula	0	0	0	0	0
Nitzschia angustata	0	0	0	0	0
Nitzschia angustata var. acuta	0	0	0	0	0
Nitzschia angustatula	0	0	0	0	0
Nitzschia angustiforaminata	0	0	0	0	0
Nitzschia apiculata	0	0	0	0	0
Nitzschia archibaldii	0	0	0	0	0
Nitzschia ardua	0	0	0	0	0
Nitzschia bacillum	0	0	0	0	0
Nitzschia bremensis	0	0	0	0	0
Nitzschia brevissima	0	0	0	0	0
Nitzschia bulnheimiana	0	0	0	0	0
Nitzschia calida	0	0	0	0	0
Nitzschia capitellata	0	0	0	0	0
Nitzschia clausii	0	0	0	0	0
Nitzschia communis	0	0	0	0	0
Nitzschia commutata	0	0	0	0	0
Nitzschia commutatoides	0	0	0	0	0
Nitzschia constricta	0	0	0	0	0
Nitzschia debilis	0	0	0	0	0
Nitzschia denticula	0	0	0	0	0
Nitzschia disputata	0	0	0	0	0
Nitzschia dissipata	4413	363	0	0	9443
Nitzschia dissipata var. media	17	10	0	0	10
Nitzschia draveillensis	7	16	0	0	0
Nitzschia dubia	0	0	0	0	0
Nitzschia dubiformis	0	0	0	0	0
Nitzschia dubiiformis	0	0	0	0	0
Nitzschia epithemoides	0	0	0	0	0
Nitzschia filiformis	0	0	0	0	0
Nitzschia filiformis var. conferta	0	0	0	0	0
Nitzschia flexa	0	0	0	0	0
Nitzschia fonticola	11	6	0	0	6905
Nitzschia fossilis	0	0	0	0	0
Nitzschia frequens	0	0	0	0	0
Nitzschia frustulum	0	0	0	0	0
Nitzschia frustulum var. bulnheimiana	0	0	0	0	0
Nitzschia gessneri	0	0	0	0	0
Nitzschia graciliformis	0	0	0	0	0
Nitzschia gracilis	0	0	0	0	0
Nitzschia hantzschiana	0	0	0	0	0
Nitzschia heufleriana	0	0	0	0	0
Nitzschia homburgiensis	0	0	0	0	0
Nitzschia hungarica	0	0	0	0	0
Nitzschia hybrida	0	0	0	0	0
Nitzschia incognita	0	0	0	0	0
Nitzschia inconspicua	0	0	0	0	996
Nitzschia incrustans	0	0	0	0	0
Nitzschia intermedia	0	0	0	0	0
Nitzschia lacuum	0	0	0	0	0
Nitzschia laevis	0	0	0	0	0
Nitzschia levidensis	0	0	0	0	0
Nitzschia levidensis var. salinarum	0	0	0	0	0
Nitzschia liebetruthii	0	0	0	0	0
Nitzschia linearis	45	27	0	0	295
Nitzschia linearis var. subtilis	0	0	0	0	0
Nitzschia linearis var. tenuis	0	0	0	0	0
Nitzschia littoralis	0	0	0	0	0
Nitzschia longissima	0	0	0	0	0
Nitzschia lorenziana	0	0	0	0	0
Nitzschia macilenta	0	0	0	0	0
Nitzschia microcephala	0	0	0	0	0
Nitzschia minuta	0	0	0	0	0
Nitzschia monachorum	0	0	0	0	0
Nitzschia nana	0	0	0	0	0
Nitzschia obtusa	0	0	0	0	0
Nitzschia obtusa var. brevissima	0	0	0	0	0
Nitzschia obtusa var. scalpelliformis	0	0	0	0	0
Nitzschia (Other)	0	0	0	0	0
Nitzschia ovalis	0	0	0	0	0
Nitzschia palea	327	181	0	0	231
Nitzschia paleacea	3	1	0	0	1
Nitzschia paleaeformis	0	0	0	0	0
Nitzschia palea var. debilis	0	0	0	0	0
Nitzschia palea var. tenuirostris	0	0	0	0	0
Nitzschia palustris	0	0	0	0	0
Nitzschia parvula	0	0	0	0	0
Nitzschia perminuta	0	0	0	0	0
Nitzschia perspicua	0	0	0	0	0
Nitzschia prolongata	0	0	0	0	0
Nitzschia promare	0	0	0	0	0
Nitzschia pseudofonticola	0	0	0	0	0
Nitzschia pumila	0	0	0	0	0
Nitzschia pura	0	0	0	0	0
Nitzschia pusilla	213	110	0	0	1
Nitzschia recta	1111	216	0	0	82
Nitzschia romana	0	0	0	0	0
Nitzschia rostellata	0	0	0	0	0
Nitzschia - section sigmoidea	0	0	0	0	0
Nitzschia sigma	0	0	0	0	0
Nitzschia sigmoidea	81	6	0	0	348
Nitzschia sinuata	0	0	0	0	0
Nitzschia sinuata var. delognei	0	0	0	0	0
Nitzschia sinuata var. tabellaria	0	0	0	0	0
Nitzschia sociabilis	5	36	0	0	0
Nitzschia socialis	0	0	0	0	0
Nitzschia solgensis	0	0	0	0	0
Nitzschia solita	0	0	0	0	0
Nitzschia soratensis	46	12	0	0	1
Nitzschia subacicularis	0	0	0	0	0
Nitzschia subcapitellata	0	0	0	0	0
Nitzschia sublinearis	40	3	0	0	6
Nitzschia suchlandtii	0	0	0	0	0
Nitzschia supralitorea	0	0	0	0	0
Nitzschia tenuis	0	0	0	0	0
Nitzschia tryblionella var. debilis	0	0	0	0	0
Nitzschia tubicola	0	0	0	0	0
Nitzschia umbonata	0	0	0	0	0
Nitzschia valdecostata	0	0	0	0	0
Nitzschia valdestriata	0	0	0	0	0
Nitzschia vermicularis	0	0	0	0	0
Nitzschia vitrea	0	0	0	0	0
Nitzschia wuellerstorffii	0	0	0	0	0
No blast hit (Diatom DNA analysis)	84840	101387	231	0	10840
Nupela	0	0	0	0	0
Nupela lapidosa	0	0	0	0	0
Nupela neglecta	0	0	0	0	0
Nupela silvahercynia	0	0	0	0	0
Odontella	0	0	0	0	0
Odontella sinensis	0	0	0	0	0
Oestrupia supergradata	0	0	0	0	0
Opephora	0	0	0	0	0
Opephora martyi	0	0	0	0	0
Opephora mutabilis	0	0	0	0	0
Opephora olsenii	0	0	0	0	0
Oxyneis binalis	0	0	0	0	0
Paralia	0	0	0	0	0
Paralia sulcata	0	0	0	0	0
Parlibellus hamulifer	0	0	0	0	0
Parlibellus protracta	1	13	0	0	0
Pauliella	0	0	0	0	0
Pauliella taeniata	0	0	0	0	0
Pennate Diatom	0	0	0	0	0
Pennate undif.	0	0	0	0	0
Perideraion elongatum	0	0	0	0	0
Peronia fibula	0	0	0	0	0
Petroneis humerosa	0	0	0	0	0
Phaeodactylum tricornutum	0	0	0	0	0
Pinnularia	0	0	0	0	0
Pinnularia abaujensis	0	0	0	0	0
Pinnularia acoricola	0	0	0	0	0
Pinnularia acrosphaeria	0	0	0	0	0
Pinnularia acuminata	0	0	0	0	0
Pinnularia aestuarii	0	0	0	0	0
Pinnularia altiplanensis	0	0	0	0	0
Pinnularia anglica	2	0	0	0	0
Pinnularia appendiculata	0	0	0	0	0
Pinnularia biceps	0	0	0	0	0
Pinnularia borealis	0	0	0	0	0
Pinnularia borealis var. rectangularis	0	0	0	0	0
Pinnularia borealis var. subislandica	0	0	0	0	0
Pinnularia brauniana	0	0	0	0	0
Pinnularia brebissonii	0	0	0	0	0
Pinnularia brebissonii var. acuta	0	0	0	0	0
Pinnularia cruciformis	0	0	0	0	0
Pinnularia decrescens	0	0	0	0	0
Pinnularia divergens	0	0	0	0	0
Pinnularia divergentissima	0	0	0	0	0
Pinnularia gibba	0	0	0	0	0
Pinnularia gibbiformis	0	0	0	0	0
Pinnularia grunowii	0	0	0	0	0
Pinnularia intermedia	0	0	0	0	0
Pinnularia interrupta	0	0	0	0	0
Pinnularia irrorata	0	0	0	0	0
Pinnularia isselana	0	0	0	0	0
Pinnularia karelica	0	0	0	0	0
Pinnularia lundii	0	0	0	0	0
Pinnularia major	0	0	0	0	0
Pinnularia marchica	0	0	0	0	0
Pinnularia mesolepta	0	0	0	0	0
Pinnularia microstauron	0	0	0	0	0
Pinnularia neglectiformis	0	0	0	0	0
Pinnularia neomajor	0	0	0	0	0
Pinnularia nobilis	0	0	0	0	0
Pinnularia nodosa	0	0	0	0	0
Pinnularia obscura	0	0	0	0	0
Pinnularia parvulissima	0	0	0	0	0
Pinnularia peracuminata	0	0	0	0	0
Pinnularia polyonca	0	0	0	0	0
Pinnularia rupestris	0	0	0	0	0
Pinnularia schroederii	0	0	0	0	0
Pinnularia semicruciata	0	0	0	0	0
Pinnularia septentrionalis	0	0	0	0	0
Pinnularia shivae	0	0	0	0	0
Pinnularia sinistra	0	0	0	0	0
Pinnularia stomatophora	0	0	0	0	0
Pinnularia subanglica	0	0	0	0	0
Pinnularia subcapitata	0	0	0	0	0
Pinnularia subcapitata var. hilseana	0	0	0	0	0
Pinnularia subcommutata var. nonfasciata	0	0	0	0	0
Pinnularia subgibba	0	0	0	0	0
Pinnularia subgibba var. sublinearis	0	0	0	0	0
Pinnularia sublanceolata	0	0	0	0	0
Pinnularia subrostrata	0	0	0	0	0
Pinnularia subsolaris	0	0	0	0	0
Pinnularia substreptoraphe	0	0	0	0	0
Pinnularia sudetica	0	0	0	0	0
Pinnularia termitina	0	0	0	0	0
Pinnularia undulata	0	0	0	0	0
Pinnularia valida	0	0	0	0	0
Pinnularia viridiformis	0	0	0	0	0
Pinnularia viridis	0	0	0	0	0
Placoneis	0	0	0	0	0
Placoneis abiskoensis	0	0	0	0	0
Placoneis clementioides	0	0	0	0	0
Placoneis clementis	0	0	0	0	0
Placoneis constans	0	0	0	0	0
Placoneis dicephala	0	0	0	0	0
Placoneis elginensis	0	0	0	0	0
Placoneis exigua	0	0	0	0	0
Placoneis explanata	0	0	0	0	0
Placoneis gastrum	0	0	0	0	0
Placoneis placentula	0	0	0	0	0
Placoneis porifera	0	0	0	0	0
Placoneis porifera var. opportuna	0	0	0	0	0
Placoneis pseudanglica	0	0	0	0	0
Placoneis signata	0	0	0	0	0
Placoneis symmetrica	0	0	0	0	0
Plagiostriata goreensis	0	0	0	0	0
Planktoniella sol	0	0	0	0	0
Planothidium	0	0	0	0	0
Planothidium calcar	0	0	0	0	0
Planothidium caputium	9	384	0	0	58
Planothidium daui	0	0	0	0	0
Planothidium delicatulum	0	0	0	0	0
Planothidium dubium	0	0	0	0	0
Planothidium ellipticum	0	0	0	0	0
Planothidium engelbrechtii	0	0	0	0	0
Planothidium frequentissimum	8	383	0	0	818
Planothidium granum	0	0	0	0	0
Planothidium haukianum	0	0	0	0	0
Planothidium lanceolatum	17	1553	0	0	320
Planothidium - lanceolatum-type	0	0	0	0	0
Planothidium lanceolatum-type	0	0	0	0	0
Planothidium oestrupii	0	0	0	0	0
Planothidium peragalloi	0	0	0	0	0
Planothidium pericavum	0	0	0	0	0
Planothidium rostratum	0	0	0	0	0
Planothidium subatomoides	0	0	0	0	0
Platessa conspicua	0	0	0	0	0
Pleurosigma elongatum	0	0	0	0	0
Pleurosira	0	0	0	0	0
Pleurosira laevis	0	0	0	0	0
Porosira	0	0	0	0	0
Prestauroneis integra	0	0	0	0	0
Psammodictyon constrictum	0	0	0	0	0
Psammodictyon panduriforme	0	0	0	0	0
Psammothidium	0	0	0	0	0
Psammothidium abundans	0	0	0	0	0
Psammothidium acidoclinatum	0	0	0	0	0
Psammothidium bioretii	0	13	0	0	0
Psammothidium bristolicum	0	0	0	0	0
Psammothidium chlidanos	0	0	0	0	0
Psammothidium daonense	6	47	0	0	0
Psammothidium didymum	0	0	0	0	0
Psammothidium grishunum	0	0	0	0	0
Psammothidium helveticum	0	0	0	0	0
Psammothidium kuelbsii	0	0	0	0	0
Psammothidium lauenburgianaum	0	0	0	0	0
Psammothidium lauenburgianum	0	0	0	0	0
Psammothidium levanderi	0	0	0	0	0
Psammothidium marginulatum	0	0	0	0	0
Psammothidium pseudoswazi	0	0	0	0	0
Psammothidium punctulatum	0	0	0	0	0
Psammothidium reversum	0	0	0	0	0
Psammothidium rossii	0	0	0	0	0
Psammothidium scoticum	0	0	0	0	0
Psammothidium subatomoides	0	0	0	0	0
Pseudogomphonema kamschaticum	0	0	0	0	0
Pseudostaurosira	0	0	0	0	0
Pseudostaurosira brevistriata	0	0	0	0	0
Pseudostaurosira medliniae	0	0	0	0	0
Pseudostaurosira microstriata	0	0	0	0	0
Pseudostaurosira pseudoconstruens	0	0	0	0	0
Pseudostaurosira robusta	0	0	0	0	0
Pseudostaurosira shiloi	0	0	0	0	0
Pseudostaurosira / Staurosira agg.	0	0	0	0	0
Pseudostaurosira zeilleri	0	0	0	0	0
Pseudostriatella pacifica	0	0	0	0	0
Reimeria	0	0	0	0	0
Reimeria sinuata	704	4671	0	0	217
Reimeria sinuata form antiqua	0	0	0	0	0
Reimeria uniseriata	0	0	0	0	0
Rhabdonema adriaticum	0	0	0	0	0
Rhabdonema minutum	0	0	0	0	0
Rhaphoneis	0	0	0	0	0
Rhizosolenia	0	0	0	0	0
Rhoicosphenia abbreviata	21487	2782	0	0	10096
Rhoicosphenia curvata	0	0	0	0	0
Rhopalodia	0	0	0	0	0
Rhopalodia brebissonii	0	0	0	0	0
Rhopalodia gibba	0	0	0	0	0
Rhopalodia gibberula	0	0	0	0	0
Rhopalodia gibberula var. rupestris	0	0	0	0	0
Rhopalodia hirundiniformis	0	0	0	0	0
Rossia	0	0	0	0	0
Rossithidium	0	0	0	0	0
Rossithidium anastasiae	0	0	0	0	0
Rossithidium linearis	0	0	0	0	0
Rossithidium nodosum	0	0	0	0	0
Rossithidium petersenii	0	0	0	0	0
Rossithidium pusillum	0	0	0	0	0
Roundia cardiophora	0	0	0	0	0
Scoliopleura peisonis	0	0	0	0	0
Sellaphora	0	0	0	0	0
Sellaphora absoluta	0	0	0	0	0
Sellaphora americana	0	0	0	0	0
Sellaphora arvensis	0	0	0	0	0
Sellaphora atomoides	0	0	0	0	0
Sellaphora auldreekie	0	0	0	0	0
Sellaphora bacilloides	0	0	0	0	0
Sellaphora bacillum	0	0	0	0	0
Sellaphora bisexualis	0	0	0	0	0
Sellaphora blackfordensis	0	0	0	0	0
Sellaphora capitata	0	0	0	0	0
Sellaphora caput	0	0	0	0	0
Sellaphora difficillima	0	0	0	0	0
Sellaphora joubaudii	0	0	0	0	71
Sellaphora laevissima	0	0	0	0	0
Sellaphora lanceolata	0	0	0	0	0
Sellaphora minima	0	60	0	0	361
Sellaphora nigrii	0	0	0	0	0
Sellaphora obesa	0	0	0	0	0
Sellaphora pseudopupula	0	0	0	0	0
Sellaphora pupula	0	0	0	0	0
Sellaphora rotunda	0	0	0	0	0
Sellaphora saugerressi	0	0	0	0	0
Sellaphora seminulum	0	2	0	0	1016
Sellaphora stroemii	0	0	0	0	0
Sellaphora submuralis	0	0	0	0	0
Sellaphora subrotundata	0	0	0	0	0
Sellaphora utermoehlii	0	0	0	0	0
Sellaphora vitabunda	0	0	0	0	0
Seminavis	0	0	0	0	0
Seminavis robusta	0	0	0	0	0
Semiorbis hemicyclus	0	0	0	0	0
Shionodiscus ritscheri	0	0	0	0	0
Simonsenia aveniformis	0	0	0	0	0
Simonsenia delognei	0	0	0	0	0
Skeletonema	0	0	0	0	0
Stauroforma exiguiformis	0	0	0	0	0
Stauroneis	0	0	0	0	0
Stauroneis acuta	0	0	0	0	0
Stauroneis alpina	0	0	0	0	0
Stauroneis anceps	0	0	0	0	0
Stauroneis anceps form gracilis	0	0	0	0	0
Stauroneis anceps form linearis	0	0	0	0	0
Stauroneis anceps var. rhomboidalis	0	0	0	0	0
Stauroneis gracilior	0	0	0	0	0
Stauroneis kriegeri	0	0	0	0	0
Stauroneis kriegeri form undulata	0	0	0	0	0
Stauroneis laterostrata	0	0	0	0	0
Stauroneis legumen	0	0	0	0	0
Stauroneis montana	0	0	0	0	0
Stauroneis obtusa	0	0	0	0	0
Stauroneis palustris	0	0	0	0	0
Stauroneis phoenicenteron	0	0	0	0	0
Stauroneis producta	0	0	0	0	0
Stauroneis prominula	0	0	0	0	0
Stauroneis schmidiae	0	0	0	0	0
Stauroneis simulans	0	0	0	0	0
Stauroneis smithii	0	0	0	0	0
Stauroneis tackei	0	0	0	0	0
Stauroneis thermicola	0	0	0	0	0
Staurosira	0	0	0	0	0
Staurosira construens	0	0	0	0	0
Staurosira construens var. binodis	0	0	0	0	0
Staurosira construens var. exigua	0	0	0	0	0
Staurosira construens var. pumila	0	0	0	0	0
Staurosira elliptica	0	0	0	0	0
Staurosira oldenburgiana	0	0	0	0	0
Staurosira subsalina	0	0	0	0	0
Staurosira venter	0	0	0	0	0
Staurosirella	0	0	0	0	0
Staurosirella lapponica	0	0	0	0	0
Staurosirella leptostauron	0	0	0	0	0
Staurosirella leptostauron var. dubia	0	0	0	0	0
Staurosirella martyi	0	0	0	0	0
Staurosirella pinnata	0	0	0	0	0
Staurosirella pinnata var. lancettula	0	0	0	0	0
Stenopterobia	0	0	0	0	0
Stenopterobia curvula	0	0	0	0	0
Stenopterobia delicatissima	0	0	0	0	0
Stenopterobia densestriata	0	0	0	0	0
Stenopterobia pumila	0	0	0	0	0
Stenopterobia sigmatella	0	0	0	0	0
Stephanodiscus	0	0	0	0	0
Stephanodiscus agassizensis	0	0	0	0	0
Stephanodiscus alpinus	0	0	0	0	0
Stephanodiscus binderanus	0	0	0	0	0
Stephanodiscus hantzschii	0	0	0	0	0
Stephanodiscus medius	0	0	0	0	0
Stephanodiscus minutulus	0	0	0	0	0
Stephanodiscus neoastraea	0	0	0	0	0
Stephanodiscus niagarae	0	0	0	0	0
Stephanodiscus parvus	0	0	0	0	0
Stephanodiscus - type	0	0	0	0	0
Stephanodiscus yellowstonensis	0	0	0	0	0
Surirella	7	0	0	0	1
Surirella angusta	51	32	0	0	5
Surirella bifrons	0	0	0	0	0
Surirella birostrata	0	0	0	0	0
Surirella biseriata	0	0	0	0	0
Surirella biseriata var. bifrons fo. amphioxys	0	0	0	0	0
Surirella brebissonii	2014	1013	0	0	459
Surirella brebissonii var. kuetzingii	0	0	0	0	0
Surirella brightwellii	0	0	0	0	0
Surirella capronii	0	0	0	0	0
Surirella costata	0	0	0	0	0
Surirella crumena	0	0	0	0	0
Surirella delicatissima	0	0	0	0	0
Surirella elegans	0	0	0	0	0
Surirella gracilis	0	0	0	0	0
Surirella helissella	0	0	0	0	0
Surirella helvetica	0	0	0	0	0
Surirella iconella	0	0	0	0	0
Surirella imbuta	0	0	0	0	0
Surirella islandica	0	0	0	0	0
Surirella lapponica	0	0	0	0	0
Surirella linearis	0	0	0	0	0
Surirella linearis var. helvetica	0	0	0	0	0
Surirella lineopunctata	0	0	0	0	0
Surirella minuta	0	0	0	0	0
Surirella ovalis	0	0	0	0	0
Surirella ovata	0	0	0	0	0
Surirella ovata var. minuta	0	0	0	0	0
Surirella roba	0	0	0	0	0
Surirella spiralis	0	0	0	0	0
Surirella splendida	0	0	0	0	89
Surirella suecica	0	0	0	0	0
Surirella tenera	0	0	0	0	0
Surirella tenuissima	0	0	0	0	0
Surirella terricola	0	0	0	0	0
Synedra	0	0	0	0	0
Synedra acus var. angustissima	0	0	0	0	0
Synedra acus var. delicatissima	0	0	0	0	0
Synedra amphicephala	0	0	0	0	0
Synedra bacillaris	0	0	0	0	0
Synedra capitata	0	0	0	0	0
Synedra cyclopum	0	0	0	0	0
Synedra delicatissima var. angustissima	0	0	0	0	0
Synedra fasciculata	0	0	0	0	0
Synedra fragilarioides	0	0	0	0	0
Synedra fulgens var. gigantea	0	0	0	0	0
Synedra minuscula	0	0	0	0	0
Synedra nana	0	0	0	0	0
Synedra (Other)	0	0	0	0	0
Synedra pulchella	0	0	0	0	0
Synedra rumpens var. familiaris	0	0	0	0	0
Synedra rumpens var. scotica	0	0	0	0	0
Synedra tabulata	0	0	0	0	0
Synedra tenera / nana type	0	0	0	0	0
Synedra ulna var. aequalis	0	0	0	0	0
Synedra ulna var. biceps	0	0	0	0	0
Synedra ulna var. danica	0	0	0	0	0
Synedra ulna var. oxyrhynchus	0	0	0	0	0
Synedrella	0	0	0	0	0
Synedrella parasitica	0	0	0	0	0
Synedrella subconstricta	0	0	0	0	0
Synedropsis	0	0	0	0	0
Synedropsis hyperborea	0	0	0	0	0
Synedropsis recta	0	0	0	0	0
Tabellaria	0	0	0	0	0
Tabellaria binalis	0	0	0	0	0
Tabellaria fenestrata	0	0	0	0	0
Tabellaria flocculosa	0	0	0	0	0
Tabellaria kuetzingiana	0	0	0	0	0
Tabellaria quadriseptata	0	0	0	0	0
Tabellaria ventricosa	0	0	0	0	0
Tabularia	0	0	0	0	0
Tabularia fasciculata	0	0	0	0	0
Tabularia laevis	0	0	0	0	0
Tabularia tabulata	0	0	0	0	0
Terpsinoe americana	0	0	0	0	0
Tetracyclus	0	0	0	0	0
Tetracyclus emarginatus	0	0	0	0	0
Tetracyclus lacustris	0	0	0	0	0
Tetracyclus rupestris	0	0	0	0	0
Thalassiosira	0	0	0	0	0
Thalassiosira aestivalis	0	0	0	0	0
Thalassiosira angulata	0	0	0	0	0
Thalassiosira antarctica	0	0	0	0	0
Thalassiosira bramaputrae	0	0	0	0	0
Thalassiosira eccentrica	0	0	0	0	0
Thalassiosira gessneri	0	0	0	0	0
Thalassiosira gravida	0	0	0	0	0
Thalassiosira guiard	0	0	0	0	0
Thalassiosira minima	0	0	0	0	0
Thalassiosira minuscula	0	0	0	0	0
Thalassiosira nodulolineata	0	0	0	0	0
Thalassiosira nordenskioeldii	0	0	0	0	0
Thalassiosira oceanica	0	0	132980	0	0
Thalassiosira oestrupii	0	0	0	0	0
Thalassiosira pacifica	0	0	0	0	0
Thalassiosira profunda	0	0	0	0	0
Thalassiosira pseudonana	0	0	0	0	0
Thalassiosira punctigera	0	0	0	0	0
Thalassiosira rotula	0	0	0	0	0
Thalassiosira tumida	0	0	0	0	0
Toxarium hennedyanum	0	0	0	0	0
Toxarium undulatum	0	0	0	0	0
Tryblionella	0	0	0	0	0
Tryblionella acuminata	0	0	0	0	0
Tryblionella acuta	0	0	0	0	0
Tryblionella angustata	0	0	0	0	0
Tryblionella apiculata	0	0	0	0	0
Tryblionella calida	0	0	0	0	0
Tryblionella debilis	0	0	0	0	0
Tryblionella hungarica	0	0	0	0	0
Tryblionella lanceola	0	0	0	0	0
Tryblionella littoralis	0	0	0	0	0
Ulnaria	0	0	0	0	0
Ulnaria acus	86	23	0	0	1
Ulnaria ulna	5596	222	0	0	1431
Unidentified pennate diatoms	0	0	0	0	0
Unknown diatom	14	17	0	0	0
